{
    "bboxes": [
        [
            0.087890625,
            0.1240234375,
            0.3857421875,
            0.42578125
        ],
        [
            0.53125,
            0.30859375,
            0.8759765625,
            0.9716796875
        ],
        [
            0.310546875,
            0.5244140625,
            0.685546875,
            0.95703125
        ],
        [
            0.0,
            0.912109375,
            0.9990234375,
            0.982421875
        ],
        [
            0.4013671875,
            0.7890625,
            0.587890625,
            0.95703125
        ]
    ],
    "scores": [
        0.8804723620414734,
        0.8229362964630127,
        0.5605294704437256,
        0.5306161046028137,
        0.2163829505443573
    ],
    "kept_indices": [
        0,
        2,
        1,
        3,
        5
    ],
    "threshold": 0.2
}