{
    "bboxes": [
        [
            0.505859375,
            0.08203125,
            0.796875,
            0.291015625
        ],
        [
            0.021484375,
            0.060546875,
            0.314453125,
            0.275390625
        ],
        [
            0.318359375,
            0.009765625,
            0.494140625,
            0.10546875
        ],
        [
            0.015625,
            0.3359375,
            0.345703125,
            0.80859375
        ],
        [
            0.001953125,
            0.291015625,
            0.990234375,
            0.8203125
        ]
    ],
    "scores": [
        0.8887180685997009,
        0.8859955668449402,
        0.8400238752365112,
        0.8175379633903503,
        0.5775413513183594
    ],
    "kept_indices": [
        0,
        1,
        3,
        2,
        4
    ],
    "threshold": 0.2
}