{
    "bboxes": [
        [
            0.532,
            0.02666666666666667,
            0.6786666666666666,
            0.128
        ],
        [
            0.6253333333333333,
            0.39066666666666666,
            0.7973333333333333,
            0.6173333333333333
        ],
        [
            0.0,
            0.6866666666666666,
            0.72,
            1.0
        ],
        [
            0.5453333333333333,
            0.236,
            0.7573333333333333,
            0.424
        ],
        [
            0.1,
            0.42133333333333334,
            0.30133333333333334,
            0.6493333333333333
        ],
        [
            0.424,
            0.464,
            0.5853333333333334,
            0.6773333333333333
        ],
        [
            0.2733333333333333,
            0.45466666666666666,
            0.43733333333333335,
            0.7013333333333334
        ],
        [
            0.132,
            0.292,
            0.2773333333333333,
            0.43733333333333335
        ],
        [
            0.06533333333333333,
            0.42533333333333334,
            0.5426666666666666,
            0.8426666666666667
        ],
        [
            0.256,
            0.344,
            0.38,
            0.4653333333333333
        ],
        [
            0.38666666666666666,
            0.37066666666666664,
            0.5293333333333333,
            0.49466666666666664
        ],
        [
            0.5453333333333333,
            0.236,
            0.7573333333333333,
            0.5306666666666666
        ],
        [
            0.388,
            0.32266666666666666,
            0.608,
            0.68
        ],
        [
            0.6253333333333333,
            0.392,
            0.7973333333333333,
            0.5333333333333333
        ]
    ],
    "scores": [
        0.8919625282287598,
        0.5552552342414856,
        0.5150598287582397,
        0.4539649784564972,
        0.4075182378292084,
        0.40510299801826477,
        0.36552971601486206,
        0.3561019003391266,
        0.33679425716400146,
        0.30878493189811707,
        0.3061580955982208,
        0.28472012281417847,
        0.2580398619174957,
        0.2094741314649582
    ],
    "kept_indices": [
        0,
        1,
        4,
        2,
        7,
        3,
        5,
        6,
        10,
        8,
        17,
        21,
        13,
        23
    ],
    "threshold": 0.2
}