{
    "bboxes": [
        [
            0.0,
            0.0595703125,
            0.185546875,
            0.2861328125
        ],
        [
            0.009765625,
            0.6171875,
            0.302734375,
            0.9111328125
        ],
        [
            0.62890625,
            0.537109375,
            0.9990234375,
            0.73046875
        ],
        [
            0.333984375,
            0.0166015625,
            0.71875,
            0.5986328125
        ],
        [
            0.0,
            0.896484375,
            0.9365234375,
            0.99609375
        ],
        [
            0.8984375,
            0.8935546875,
            0.935546875,
            0.998046875
        ],
        [
            0.001953125,
            0.92578125,
            0.9384765625,
            0.9619140625
        ],
        [
            0.4052734375,
            0.0166015625,
            0.5693359375,
            0.1728515625
        ],
        [
            0.0,
            0.0859375,
            0.1279296875,
            0.251953125
        ]
    ],
    "scores": [
        0.7913246750831604,
        0.7894542813301086,
        0.6934898495674133,
        0.4648163616657257,
        0.4323527216911316,
        0.29856574535369873,
        0.2890087366104126,
        0.22396604716777802,
        0.20193219184875488
    ],
    "kept_indices": [
        2,
        0,
        1,
        3,
        9,
        6,
        12,
        5,
        7
    ],
    "threshold": 0.2
}