{
    "bboxes": [
        [
            0.072,
            0.0,
            0.2813333333333333,
            0.36933333333333335
        ],
        [
            0.6573333333333333,
            0.11733333333333333,
            0.964,
            0.42533333333333334
        ],
        [
            0.030666666666666665,
            0.0,
            0.13333333333333333,
            0.212
        ],
        [
            0.2653333333333333,
            0.068,
            0.7,
            0.76
        ],
        [
            0.88,
            0.5826666666666667,
            0.972,
            0.696
        ],
        [
            0.07733333333333334,
            0.696,
            0.9373333333333334,
            0.9986666666666667
        ],
        [
            0.10266666666666667,
            0.5226666666666666,
            0.208,
            0.7666666666666667
        ],
        [
            0.068,
            0.552,
            0.124,
            0.7693333333333333
        ],
        [
            0.7133333333333334,
            0.5346666666666666,
            0.8346666666666667,
            0.6186666666666667
        ],
        [
            0.812,
            0.43066666666666664,
            0.892,
            0.556
        ],
        [
            0.076,
            0.552,
            0.9373333333333334,
            0.9986666666666667
        ],
        [
            0.23333333333333334,
            0.74,
            0.7013333333333334,
            0.7706666666666667
        ],
        [
            0.12133333333333333,
            0.436,
            0.196,
            0.52
        ],
        [
            0.12133333333333333,
            0.436,
            0.196,
            0.5613333333333334
        ],
        [
            0.748,
            0.16,
            0.8813333333333333,
            0.372
        ],
        [
            0.716,
            0.42933333333333334,
            0.9653333333333334,
            0.768
        ],
        [
            0.8773333333333333,
            0.5826666666666667,
            0.972,
            0.768
        ]
    ],
    "scores": [
        0.8358199000358582,
        0.7925997376441956,
        0.7132375836372375,
        0.6603169441223145,
        0.44633162021636963,
        0.441508412361145,
        0.37291187047958374,
        0.306800901889801,
        0.29869261384010315,
        0.2658933103084564,
        0.26124393939971924,
        0.25923389196395874,
        0.2592276930809021,
        0.24872975051403046,
        0.24866384267807007,
        0.236999049782753,
        0.21360385417938232
    ],
    "kept_indices": [
        3,
        0,
        1,
        2,
        4,
        23,
        7,
        11,
        8,
        10,
        17,
        16,
        12,
        19,
        18,
        14,
        20
    ],
    "threshold": 0.2
}