{
    "bboxes": [
        [
            0.62,
            0.06,
            0.8693333333333333,
            0.204
        ],
        [
            0.042666666666666665,
            0.36,
            0.47733333333333333,
            0.9453333333333334
        ],
        [
            0.2866666666666667,
            0.09333333333333334,
            0.43333333333333335,
            0.2986666666666667
        ],
        [
            0.27466666666666667,
            0.288,
            0.964,
            0.33466666666666667
        ],
        [
            0.4826666666666667,
            0.49333333333333335,
            0.9986666666666667,
            0.9306666666666666
        ],
        [
            0.564,
            0.4053333333333333,
            0.7453333333333333,
            0.54
        ],
        [
            0.2853333333333333,
            0.09333333333333334,
            0.43333333333333335,
            0.23066666666666666
        ],
        [
            0.6906666666666667,
            0.7133333333333334,
            0.8733333333333333,
            0.9
        ],
        [
            0.8306666666666667,
            0.43066666666666664,
            0.9106666666666666,
            0.5453333333333333
        ],
        [
            0.4826666666666667,
            0.4053333333333333,
            0.9986666666666667,
            0.9293333333333333
        ],
        [
            0.312,
            0.22533333333333333,
            0.432,
            0.2986666666666667
        ]
    ],
    "scores": [
        0.8437593579292297,
        0.877568244934082,
        0.5560885667800903,
        0.7128564119338989,
        0.39751869440078735,
        0.2808494567871094,
        0.25456178188323975,
        0.3080335259437561,
        0.34016817808151245,
        0.41382235288619995,
        0.21461226046085358
    ]
}